../data/imgs_subset/w_0.jpg	w
../data/imgs_subset/w_1.jpg	w
../data/imgs_subset/w_2.jpg	w
../data/imgs_subset/w_3.jpg	s
../data/imgs_subset/w_4.jpg	n
../data/imgs_subset/w_5.jpg	s
../data/imgs_subset/w_6.jpg	e
../data/imgs_subset/w_7.jpg	s
../data/imgs_subset/w_8.jpg	n
../data/imgs_subset/w_9.jpg	n
../data/imgs_subset/w_10.jpg	e	
../data/imgs_subset/w_11.jpg	s
../data/imgs_subset/w_12.jpg	w
../data/imgs_subset/w_13.jpg	e
../data/imgs_subset/w_14.jpg	w
../data/imgs_subset/w_15.jpg	n
../data/imgs_subset/w_16.jpg	n
../data/imgs_subset/w_17.jpg	n
../data/imgs_subset/w_18.jpg	n
../data/imgs_subset/w_19.jpg	w
../data/imgs_subset/w_20.jpg	s
../data/imgs_subset/w_21.jpg	e
../data/imgs_subset/w_22.jpg	e
../data/imgs_subset/w_23.jpg	e
../data/imgs_subset/w_24.jpg	e
../data/imgs_subset/w_25.jpg	e
../data/imgs_subset/w_26.jpg	s
../data/imgs_subset/w_27.jpg	e
../data/imgs_subset/w_28.jpg	w
../data/imgs_subset/w_29.jpg	n
../data/imgs_subset/w_30.jpg	s
../data/imgs_subset/w_31.jpg	s
../data/imgs_subset/w_32.jpg	w
../data/imgs_subset/w_33.jpg	w
../data/imgs_subset/w_34.jpg	w
../data/imgs_subset/w_35.jpg	n
../data/imgs_subset/w_36.jpg	e
../data/imgs_subset/w_37.jpg	s
../data/imgs_subset/w_38.jpg	s
../data/imgs_subset/w_39.jpg	w
../data/imgs_subset/w_40.jpg	e
../data/imgs_subset/w_41.jpg	n
../data/imgs_subset/w_42.jpg	n
../data/imgs_subset/w_43.jpg	s
../data/imgs_subset/w_44.jpg	e
../data/imgs_subset/w_45.jpg	s
../data/imgs_subset/w_46.jpg	w
../data/imgs_subset/w_47.jpg	s
../data/imgs_subset/w_48.jpg	n
../data/imgs_subset/w_49.jpg	e
../data/imgs_subset/w_50.jpg	s
../data/imgs_subset/w_51.jpg	w
../data/imgs_subset/w_52.jpg	e
../data/imgs_subset/w_53.jpg	e
../data/imgs_subset/w_54.jpg	s
../data/imgs_subset/w_55.jpg	e
../data/imgs_subset/w_56.jpg	w
../data/imgs_subset/w_57.jpg	w
../data/imgs_subset/w_58.jpg	s
../data/imgs_subset/w_59.jpg	w
../data/imgs_subset/w_60.jpg	n
../data/imgs_subset/w_61.jpg	w
../data/imgs_subset/w_62.jpg	n
../data/imgs_subset/w_63.jpg	w
../data/imgs_subset/w_64.jpg	w
../data/imgs_subset/w_65.jpg	e
../data/imgs_subset/w_66.jpg	w
../data/imgs_subset/w_67.jpg	w
../data/imgs_subset/w_68.jpg	e
../data/imgs_subset/w_69.jpg	s
../data/imgs_subset/w_70.jpg	s
../data/imgs_subset/w_71.jpg	n
../data/imgs_subset/w_72.jpg	e
../data/imgs_subset/w_73.jpg	n
../data/imgs_subset/w_74.jpg	s
../data/imgs_subset/w_75.jpg	w
../data/imgs_subset/w_76.jpg	w
../data/imgs_subset/w_77.jpg	s
../data/imgs_subset/w_78.jpg	w
../data/imgs_subset/w_79.jpg	s
../data/imgs_subset/w_80.jpg	e
../data/imgs_subset/w_81.jpg	n
../data/imgs_subset/w_82.jpg	w
../data/imgs_subset/w_83.jpg	s
../data/imgs_subset/w_84.jpg	e
../data/imgs_subset/w_85.jpg	e
../data/imgs_subset/w_86.jpg	w
../data/imgs_subset/w_87.jpg	e
../data/imgs_subset/w_88.jpg	n
../data/imgs_subset/w_89.jpg	e
../data/imgs_subset/w_90.jpg	n
../data/imgs_subset/w_91.jpg	s
../data/imgs_subset/w_92.jpg	s
../data/imgs_subset/w_93.jpg	w
../data/imgs_subset/w_94.jpg	s
../data/imgs_subset/w_95.jpg	s
../data/imgs_subset/w_96.jpg	n
../data/imgs_subset/w_97.jpg	n
../data/imgs_subset/w_98.jpg	s
../data/imgs_subset/w_99.jpg	s
../data/imgs_subset/w_100.jpg	s
../data/imgs_subset/w_101.jpg	s
../data/imgs_subset/w_102.jpg	w
../data/imgs_subset/w_103.jpg	w
../data/imgs_subset/w_104.jpg	n
../data/imgs_subset/w_105.jpg	e
../data/imgs_subset/w_106.jpg	s
../data/imgs_subset/w_107.jpg	w
../data/imgs_subset/w_108.jpg	w
../data/imgs_subset/w_109.jpg	w
../data/imgs_subset/w_110.jpg	n
../data/imgs_subset/w_111.jpg	n
../data/imgs_subset/w_112.jpg	n
../data/imgs_subset/w_113.jpg	w
../data/imgs_subset/w_114.jpg	s
../data/imgs_subset/w_115.jpg	e
../data/imgs_subset/w_116.jpg	s
../data/imgs_subset/w_117.jpg	e
../data/imgs_subset/w_118.jpg	e
../data/imgs_subset/w_119.jpg	w
../data/imgs_subset/w_120.jpg	s
../data/imgs_subset/w_121.jpg	e
../data/imgs_subset/w_122.jpg	n
../data/imgs_subset/w_123.jpg	w
../data/imgs_subset/w_124.jpg	s
../data/imgs_subset/w_125.jpg	s
../data/imgs_subset/w_126.jpg	n
../data/imgs_subset/w_127.jpg	n
../data/imgs_subset/w_128.jpg	n
../data/imgs_subset/w_129.jpg	e
../data/imgs_subset/w_130.jpg	s
../data/imgs_subset/w_131.jpg	w
../data/imgs_subset/w_132.jpg	s
../data/imgs_subset/w_133.jpg	s
../data/imgs_subset/w_134.jpg	e
../data/imgs_subset/w_135.jpg	n
../data/imgs_subset/w_136.jpg	e
../data/imgs_subset/w_137.jpg	s
../data/imgs_subset/w_138.jpg	w
../data/imgs_subset/w_139.jpg	w
../data/imgs_subset/w_140.jpg	w
../data/imgs_subset/w_141.jpg	s
../data/imgs_subset/w_142.jpg	e
../data/imgs_subset/w_143.jpg	s
../data/imgs_subset/w_144.jpg	e
../data/imgs_subset/w_145.jpg	w
../data/imgs_subset/w_146.jpg	e
../data/imgs_subset/w_147.jpg	n
../data/imgs_subset/w_148.jpg	e
../data/imgs_subset/w_149.jpg	e
../data/imgs_subset/w_150.jpg	w
../data/imgs_subset/w_151.jpg	w
../data/imgs_subset/w_152.jpg	n
../data/imgs_subset/w_153.jpg	w
../data/imgs_subset/w_154.jpg	e
../data/imgs_subset/w_155.jpg	n
../data/imgs_subset/w_156.jpg	s
../data/imgs_subset/w_157.jpg	s
../data/imgs_subset/w_158.jpg	e
../data/imgs_subset/w_159.jpg	w
../data/imgs_subset/w_160.jpg	w
../data/imgs_subset/w_161.jpg	n
../data/imgs_subset/w_162.jpg	n
../data/imgs_subset/w_163.jpg	n
../data/imgs_subset/w_164.jpg	e
../data/imgs_subset/w_165.jpg	w
../data/imgs_subset/w_166.jpg	s
../data/imgs_subset/w_167.jpg	w
../data/imgs_subset/w_168.jpg	s
../data/imgs_subset/w_169.jpg	s
../data/imgs_subset/w_170.jpg	n
../data/imgs_subset/w_171.jpg	e
../data/imgs_subset/w_172.jpg	w
../data/imgs_subset/w_173.jpg	s
../data/imgs_subset/w_174.jpg	n
../data/imgs_subset/w_175.jpg	n
../data/imgs_subset/w_176.jpg	s
../data/imgs_subset/w_177.jpg	w
../data/imgs_subset/w_178.jpg	s
../data/imgs_subset/w_179.jpg	w
../data/imgs_subset/w_180.jpg	s
../data/imgs_subset/w_181.jpg	s
../data/imgs_subset/w_182.jpg	s
../data/imgs_subset/w_183.jpg	w
../data/imgs_subset/w_184.jpg	n
../data/imgs_subset/w_185.jpg	e
../data/imgs_subset/w_186.jpg	w
../data/imgs_subset/w_187.jpg	w
../data/imgs_subset/w_188.jpg	s
../data/imgs_subset/w_189.jpg	w
../data/imgs_subset/w_190.jpg	s
../data/imgs_subset/w_191.jpg	n
../data/imgs_subset/w_192.jpg	s
../data/imgs_subset/w_193.jpg	e
../data/imgs_subset/w_194.jpg	w
../data/imgs_subset/w_195.jpg	n
../data/imgs_subset/w_196.jpg	e
../data/imgs_subset/w_197.jpg	s
../data/imgs_subset/w_198.jpg	e
../data/imgs_subset/w_199.jpg	w
../data/imgs_subset/w_200.jpg	e
../data/imgs_subset/w_201.jpg	e
../data/imgs_subset/w_202.jpg	w
../data/imgs_subset/w_203.jpg	n
../data/imgs_subset/w_204.jpg	w
../data/imgs_subset/w_205.jpg	e
../data/imgs_subset/w_206.jpg	e
../data/imgs_subset/w_207.jpg	w
../data/imgs_subset/w_208.jpg	e
../data/imgs_subset/w_209.jpg	s
../data/imgs_subset/w_210.jpg	e
../data/imgs_subset/w_211.jpg	s
../data/imgs_subset/w_212.jpg	n
../data/imgs_subset/w_213.jpg	s
../data/imgs_subset/w_214.jpg	e
../data/imgs_subset/w_215.jpg	n
../data/imgs_subset/w_216.jpg	n
../data/imgs_subset/w_217.jpg	n
../data/imgs_subset/w_218.jpg	n
../data/imgs_subset/w_219.jpg	e
../data/imgs_subset/w_220.jpg	n
../data/imgs_subset/w_221.jpg	e
../data/imgs_subset/w_222.jpg	w
../data/imgs_subset/w_223.jpg	s
../data/imgs_subset/w_224.jpg	e
../data/imgs_subset/w_225.jpg	n
../data/imgs_subset/w_226.jpg	b
../data/imgs_subset/w_227.jpg	w
../data/imgs_subset/w_228.jpg	e
../data/imgs_subset/w_229.jpg	n
../data/imgs_subset/w_230.jpg	n
../data/imgs_subset/w_231.jpg	n
../data/imgs_subset/w_232.jpg	w
../data/imgs_subset/w_233.jpg	w
../data/imgs_subset/w_234.jpg	e
../data/imgs_subset/w_235.jpg	e
../data/imgs_subset/w_236.jpg	e
../data/imgs_subset/w_237.jpg	e
../data/imgs_subset/w_238.jpg	n
../data/imgs_subset/w_239.jpg	e
../data/imgs_subset/w_240.jpg	n
../data/imgs_subset/w_241.jpg	s
../data/imgs_subset/w_242.jpg	e
../data/imgs_subset/w_243.jpg	e
../data/imgs_subset/w_244.jpg	s
../data/imgs_subset/w_245.jpg	e
../data/imgs_subset/w_246.jpg	w
../data/imgs_subset/w_247.jpg	n
../data/imgs_subset/w_248.jpg	n
../data/imgs_subset/w_249.jpg	s
../data/imgs_subset/w_250.jpg	s
../data/imgs_subset/w_251.jpg	s
../data/imgs_subset/w_252.jpg	w
../data/imgs_subset/w_253.jpg	w
../data/imgs_subset/w_254.jpg	w
../data/imgs_subset/w_255.jpg	n
../data/imgs_subset/w_256.jpg	n
../data/imgs_subset/w_257.jpg	e
../data/imgs_subset/w_258.jpg	e
../data/imgs_subset/w_259.jpg	s
../data/imgs_subset/w_260.jpg	s
../data/imgs_subset/w_261.jpg	e
../data/imgs_subset/w_262.jpg	w
../data/imgs_subset/w_263.jpg	s
../data/imgs_subset/w_264.jpg	e
../data/imgs_subset/w_265.jpg	s
../data/imgs_subset/w_266.jpg	e
../data/imgs_subset/w_267.jpg	e
../data/imgs_subset/w_268.jpg	e
../data/imgs_subset/w_269.jpg	w
../data/imgs_subset/w_270.jpg	w
../data/imgs_subset/w_271.jpg	s
../data/imgs_subset/w_272.jpg	s
../data/imgs_subset/w_273.jpg	e
../data/imgs_subset/w_274.jpg	w
../data/imgs_subset/w_275.jpg	w
../data/imgs_subset/w_276.jpg	w
../data/imgs_subset/w_277.jpg	e
../data/imgs_subset/w_278.jpg	n
../data/imgs_subset/w_279.jpg	s
../data/imgs_subset/w_280.jpg	w
../data/imgs_subset/w_281.jpg	e
../data/imgs_subset/w_282.jpg	w
../data/imgs_subset/w_283.jpg	w
../data/imgs_subset/w_284.jpg	n
../data/imgs_subset/w_285.jpg	w
../data/imgs_subset/w_286.jpg	e
../data/imgs_subset/w_287.jpg	e
../data/imgs_subset/w_288.jpg	s
../data/imgs_subset/w_289.jpg	s
../data/imgs_subset/w_290.jpg	w
../data/imgs_subset/w_291.jpg	n
../data/imgs_subset/w_292.jpg	e
../data/imgs_subset/w_293.jpg	s
../data/imgs_subset/w_294.jpg	e
../data/imgs_subset/w_295.jpg	n
../data/imgs_subset/w_296.jpg	s
../data/imgs_subset/w_297.jpg	w
../data/imgs_subset/w_298.jpg	w
../data/imgs_subset/w_299.jpg	n
../data/imgs_subset/w_300.jpg	n
../data/imgs_subset/w_301.jpg	s
../data/imgs_subset/w_302.jpg	s
../data/imgs_subset/w_303.jpg	s
../data/imgs_subset/w_304.jpg	w
../data/imgs_subset/w_305.jpg	e
../data/imgs_subset/w_306.jpg	n
../data/imgs_subset/w_307.jpg	e
../data/imgs_subset/w_308.jpg	n
../data/imgs_subset/w_309.jpg	s
../data/imgs_subset/w_310.jpg	w
../data/imgs_subset/w_311.jpg	w
../data/imgs_subset/w_312.jpg	e
../data/imgs_subset/w_313.jpg	s
../data/imgs_subset/w_314.jpg	w
../data/imgs_subset/w_315.jpg	n
../data/imgs_subset/w_316.jpg	s
../data/imgs_subset/w_317.jpg	s
../data/imgs_subset/w_318.jpg	n
../data/imgs_subset/w_319.jpg	s
../data/imgs_subset/w_320.jpg	s
../data/imgs_subset/w_321.jpg	e
../data/imgs_subset/w_322.jpg	s
../data/imgs_subset/w_323.jpg	n
../data/imgs_subset/w_324.jpg	e
../data/imgs_subset/w_325.jpg	n
../data/imgs_subset/w_326.jpg	w
../data/imgs_subset/w_327.jpg	n
../data/imgs_subset/w_328.jpg	n
../data/imgs_subset/w_329.jpg	e
../data/imgs_subset/w_330.jpg	n
../data/imgs_subset/w_331.jpg	n
../data/imgs_subset/w_332.jpg	s
../data/imgs_subset/w_333.jpg	w
../data/imgs_subset/w_334.jpg	e
../data/imgs_subset/w_335.jpg	e
../data/imgs_subset/w_336.jpg	e
../data/imgs_subset/w_337.jpg	e
../data/imgs_subset/w_338.jpg	n
../data/imgs_subset/w_339.jpg	n
../data/imgs_subset/w_340.jpg	s
../data/imgs_subset/w_341.jpg	e
../data/imgs_subset/w_342.jpg	e
../data/imgs_subset/w_343.jpg	w
../data/imgs_subset/w_344.jpg	e
../data/imgs_subset/w_345.jpg	n
../data/imgs_subset/w_346.jpg	s
../data/imgs_subset/w_347.jpg	n
../data/imgs_subset/w_348.jpg	w
../data/imgs_subset/w_349.jpg	s
../data/imgs_subset/w_350.jpg	s
../data/imgs_subset/w_351.jpg	s
../data/imgs_subset/w_352.jpg	e
../data/imgs_subset/w_353.jpg	s
../data/imgs_subset/w_354.jpg	e
../data/imgs_subset/w_355.jpg	s
../data/imgs_subset/w_356.jpg	w
../data/imgs_subset/w_357.jpg	n
../data/imgs_subset/w_358.jpg	w
../data/imgs_subset/w_359.jpg	n
../data/imgs_subset/w_360.jpg	w
../data/imgs_subset/w_361.jpg	e
../data/imgs_subset/w_362.jpg	e
../data/imgs_subset/w_363.jpg	s
../data/imgs_subset/w_364.jpg	w
../data/imgs_subset/w_365.jpg	w
../data/imgs_subset/w_366.jpg	n
../data/imgs_subset/w_367.jpg	n
../data/imgs_subset/w_368.jpg	w
../data/imgs_subset/w_369.jpg	e
../data/imgs_subset/w_370.jpg	e
../data/imgs_subset/w_371.jpg	e
../data/imgs_subset/w_372.jpg	e
../data/imgs_subset/w_373.jpg	w
../data/imgs_subset/w_374.jpg	e
../data/imgs_subset/w_375.jpg	s
../data/imgs_subset/w_376.jpg	s
../data/imgs_subset/w_377.jpg	w
../data/imgs_subset/w_378.jpg	s
../data/imgs_subset/w_379.jpg	s
../data/imgs_subset/w_380.jpg	s
../data/imgs_subset/w_381.jpg	w
../data/imgs_subset/w_382.jpg	s
../data/imgs_subset/w_383.jpg	s
../data/imgs_subset/w_384.jpg	e
../data/imgs_subset/w_385.jpg	n
../data/imgs_subset/w_386.jpg	e
../data/imgs_subset/w_387.jpg	w
../data/imgs_subset/w_388.jpg	w
../data/imgs_subset/w_389.jpg	e
../data/imgs_subset/w_390.jpg	s
../data/imgs_subset/w_391.jpg	n
../data/imgs_subset/w_392.jpg	s
../data/imgs_subset/w_393.jpg	w
../data/imgs_subset/w_394.jpg	w
../data/imgs_subset/w_395.jpg	e
../data/imgs_subset/w_396.jpg	s
../data/imgs_subset/w_397.jpg	s
../data/imgs_subset/w_398.jpg	w
../data/imgs_subset/w_399.jpg	s
../data/imgs_subset/w_400.jpg	s
../data/imgs_subset/w_401.jpg	s
../data/imgs_subset/w_402.jpg	s
../data/imgs_subset/w_403.jpg	e
../data/imgs_subset/w_404.jpg	e
../data/imgs_subset/w_405.jpg	s
../data/imgs_subset/w_406.jpg	n
../data/imgs_subset/w_407.jpg	n
../data/imgs_subset/w_408.jpg	e
../data/imgs_subset/w_409.jpg	w
../data/imgs_subset/w_410.jpg	n
../data/imgs_subset/w_411.jpg	w
../data/imgs_subset/w_412.jpg	s
../data/imgs_subset/w_413.jpg	e
../data/imgs_subset/w_414.jpg	w
../data/imgs_subset/w_415.jpg	n
../data/imgs_subset/w_416.jpg	e
../data/imgs_subset/w_417.jpg	e
../data/imgs_subset/w_418.jpg	n
../data/imgs_subset/w_419.jpg	e
../data/imgs_subset/w_420.jpg	s
../data/imgs_subset/w_421.jpg	e
../data/imgs_subset/w_422.jpg	n
../data/imgs_subset/w_423.jpg	e
../data/imgs_subset/w_424.jpg	s
../data/imgs_subset/w_425.jpg	w
../data/imgs_subset/w_426.jpg	w
../data/imgs_subset/w_427.jpg	e
../data/imgs_subset/w_428.jpg	w
../data/imgs_subset/w_429.jpg	w
../data/imgs_subset/w_430.jpg	n
../data/imgs_subset/w_431.jpg	e
../data/imgs_subset/w_432.jpg	w
../data/imgs_subset/w_433.jpg	e
../data/imgs_subset/w_434.jpg	s
../data/imgs_subset/w_435.jpg	s
../data/imgs_subset/w_436.jpg	s
../data/imgs_subset/w_437.jpg	n
../data/imgs_subset/w_438.jpg	w
../data/imgs_subset/w_439.jpg	w
../data/imgs_subset/w_440.jpg	n
../data/imgs_subset/w_441.jpg	w
../data/imgs_subset/w_442.jpg	s
../data/imgs_subset/w_443.jpg	s
../data/imgs_subset/w_444.jpg	s
../data/imgs_subset/w_445.jpg	e
../data/imgs_subset/w_446.jpg	s
../data/imgs_subset/w_447.jpg	n
../data/imgs_subset/w_448.jpg	e
../data/imgs_subset/w_449.jpg	e
../data/imgs_subset/w_450.jpg	w
../data/imgs_subset/w_451.jpg	n
../data/imgs_subset/w_452.jpg	e
../data/imgs_subset/w_453.jpg	w
../data/imgs_subset/w_454.jpg	e
../data/imgs_subset/w_455.jpg	n
../data/imgs_subset/w_456.jpg	e
../data/imgs_subset/w_457.jpg	n
../data/imgs_subset/w_458.jpg	s
../data/imgs_subset/w_459.jpg	s
../data/imgs_subset/w_460.jpg	n
../data/imgs_subset/w_461.jpg	e
../data/imgs_subset/w_462.jpg	w
../data/imgs_subset/w_463.jpg	w
../data/imgs_subset/w_464.jpg	n
../data/imgs_subset/w_465.jpg	e
../data/imgs_subset/w_466.jpg	w
../data/imgs_subset/w_467.jpg	w
../data/imgs_subset/w_468.jpg	s
../data/imgs_subset/w_469.jpg	w
../data/imgs_subset/w_470.jpg	e
../data/imgs_subset/w_471.jpg	w
../data/imgs_subset/w_472.jpg	w
../data/imgs_subset/w_473.jpg	w
../data/imgs_subset/w_474.jpg	n
../data/imgs_subset/w_475.jpg	s
../data/imgs_subset/w_476.jpg	w
../data/imgs_subset/w_477.jpg	e
../data/imgs_subset/w_478.jpg	n
../data/imgs_subset/w_479.jpg	n
../data/imgs_subset/w_480.jpg	w
../data/imgs_subset/w_481.jpg	e
../data/imgs_subset/w_482.jpg	w
../data/imgs_subset/w_483.jpg	s
../data/imgs_subset/w_484.jpg	e
../data/imgs_subset/w_485.jpg	n
../data/imgs_subset/w_486.jpg	e
../data/imgs_subset/w_487.jpg	n
../data/imgs_subset/w_488.jpg	w
../data/imgs_subset/w_489.jpg	s
../data/imgs_subset/w_490.jpg	n
../data/imgs_subset/w_491.jpg	e
../data/imgs_subset/w_492.jpg	e
../data/imgs_subset/w_493.jpg	n
../data/imgs_subset/w_494.jpg	w
../data/imgs_subset/w_495.jpg	s
../data/imgs_subset/w_496.jpg	s
../data/imgs_subset/w_497.jpg	w
../data/imgs_subset/w_498.jpg	w
../data/imgs_subset/w_499.jpg	n